0,0.253595,0.270501,0.288535,-0.30777,0
0,0.0692993,-0.184296,-0.196582,0.209687,0
0,-0.203984,0.820849,0.550348,0.587038,0
0,0.551963,-0.217583,-0.0332874,1.15594,0
0,-0.475285,-1.85517,-2.22657,-1.93803,0
0,-1.23225,0.506971,0.540769,0.344187,1
0,0.481093,1.53327,1.97885,1.91649,0
0,0.513166,0.513166,1.02014,0.471464,0
1,-0.769154,-0.820431,0.875126,-1.42261,0
1,-1.27535,-0.506195,0.539942,-1.38519,0
1,0.986481,1.62397,0.803537,-2.73493,0
1,2.57472,1.05225,0.546052,-1.41892,0
1,0.838593,0.8945,0.954133,-0.379562,0
1,2.13048,1.29188,1.925,0.626381,0
1,2.46629,2.63071,2.07681,-0.303199,0
1,2.78969,2.78969,1.37801,0.0477672,1
2,0.863455,0.921019,0.98242,-2.03895,0
2,1.60804,0.744586,0.794225,-1.26596,0
2,1.77816,1.89671,0.975689,1.04074,0
2,3.7711,1.99293,1.24835,2.02748,1
2,0.946683,-1.08873,-2.07192,-0.160399,0
2,-2.03048,-1.0098,-1.07712,0.109721,0
2,1.92078,2.04883,1.16132,0.185627,0
2,3.23233,3.23233,2.27543,0.374675,0
3,-0.17348,-0.185045,-0.344788,-1.69301,0
3,-1.21015,-1.03667,1.30525,1.39227,0
3,-0.628145,-0.754002,-0.430763,0.459481,0
3,-0.0368552,0.670022,-0.553649,0.590559,0
3,-0.697571,0.744076,-0.793681,-0.620201,0
3,-0.472468,-1.17004,2.05612,3.02799,1
3,0.1026,-0.10944,-0.853516,-1.28428,0
3,-0.594069,-0.594069,-1.24804,-1.80169,0
4,-0.208988,-0.22292,-0.237782,0.504177,0
4,-0.420287,-0.211299,0.671016,0.71575,0
4,-0.0033807,0.434451,0.657371,1.68207,0
4,0.403692,-0.00360607,-0.632684,0.908961,0
4,-0.00872806,0.213013,0.227214,-0.245451,0
4,0.19039,-0.00930993,0.879737,1.07783,1
4,0.166208,0.489039,0.497221,0.709378,0
4,0.177288,0.177288,-0.00993059,-0.862081,0
5,0.0744142,0.0793751,-0.546811,0.918459,0
5,-0.0715399,-0.145954,0.155684,-0.511382,0
5,0.0885484,-0.0944517,0.418183,0.446062,0
5,-0.624922,-0.536374,-0.682328,0.727816,0
5,0.00371077,-0.00395816,-0.653721,-0.579307,0
5,-0.294222,-0.290511,0.309879,-0.169542,0
5,-0.243332,0.259554,0.00422204,0.422405,1
5,-0.896937,-0.896937,-0.893459,-0.947276,0
6,-0.032966,-0.0351637,-0.427862,0.638543,0
6,0.0035442,0.0365102,0.386425,-0.412187,0
6,0.250365,0.267056,0.668177,-0.712722,0
6,0.55131,0.300944,-0.061329,0.804682,0
6,-0.379972,0.730916,-0.779644,-0.81261,0
6,0.279931,-0.405304,0.432324,0.0458988,0
6,0.0837008,-0.513389,-0.869613,-1.53779,1
6,-0.0892809,-0.0892809,-0.494584,-0.470721,0
7,-0.355517,-0.379218,-0.665842,1.5653,0
7,-0.392858,-0.0373408,0.0398302,0.406682,0
7,0.0989908,-0.684141,-0.0599145,-2.11413,0
7,-0.746972,-0.10559,-0.142931,0.337884,1
7,-0.307351,-0.327841,-0.490678,-1.01813,0
7,0.0429707,0.350321,-0.375829,-0.245656,0
7,-0.0391848,0.0417972,0.349697,0.371808,0
7,-0.0855348,-0.0855348,-0.373676,-0.440601,0
8,-0.462724,-0.493572,0.626872,0.668664,0
8,-0.569538,-0.106814,0.113935,-0.12153,0
8,-0.553341,0.606735,0.0190418,-1.32415,0
8,-0.0214169,-0.590231,-0.697044,-2.14814,1
8,-0.0771509,0.0822943,0.524658,0.981702,0
8,-0.109573,-0.186724,-0.233673,-0.333717,0
8,-0.0561089,-0.0598495,0.0877806,0.127319,0
8,0.104433,0.104433,0.199172,0.838254,0
9,-0.557739,-0.594922,-0.634583,0.676889,0
9,-0.891073,-0.333334,-0.355556,0.37926,0
9,-0.660335,-0.704357,-0.109435,-0.116731,0
9,0.620772,1.28111,1.61444,1.72207,0
9,0.0321207,-0.190859,-0.203582,-0.838165,0
9,-0.213192,-0.0342621,-0.0365462,-0.392102,0
9,0.920702,0.982082,0.951969,1.0614,0
9,2.00459,2.00459,1.97033,2.90189,0
10,-0.0333992,-0.0356258,-0.805872,-2.045,0
10,-0.894206,-0.860807,0.918194,-1.2643,0
10,-0.800516,-1.51802,-0.762516,3.15315,0
10,-0.56926,0.853884,-0.0069223,-0.00738378,1
10,-0.869686,-1.25012,1.38851,1.42191,0
10,-0.244323,0.927665,0.98951,-0.195769,0
10,-0.274143,-0.771152,-1.33346,-1.37566,0
10,0.292419,0.292419,1.07606,1.06913,0
11,0.182728,0.19491,-0.207904,0.388129,0
11,-0.375884,-0.558612,0.595853,0.635576,0
11,-0.0444287,-1.12101,-0.926099,1.58377,0
11,-1.00356,0.0473906,-0.511221,-0.545303,0
11,0.231423,0.246851,-0.263308,0.100563,0
11,0.59816,0.366737,0.391186,0.987039,0
11,-0.983075,-1.12892,-0.882064,-0.740988,0
11,1.04861,1.04861,0.831654,0.37009,0
12,-0.0406439,-0.0433535,1.84643,3.182,0
12,0.29426,0.334904,0.357231,0.493437,0
12,0.360969,1.32381,-0.407213,0.55417,0
12,1.62611,0.385034,0.0501297,0.0534716,0
12,-0.443932,-0.473527,2.40241,2.44305,0
12,0.227664,0.671596,1.25983,0.797232,1
12,0.0798505,0.0851739,-0.505096,-1.02463,0
12,0.300183,0.300183,0.716369,0.666239,0
13,0.225015,0.240016,-0.256017,-0.273085,0
13,0.832525,0.60751,-0.64801,2.76884,0
13,0.756164,-0.806575,-0.566559,0.60433,0
13,-1.67605,-0.919883,-0.312374,-0.333198,0
13,0.668356,-0.712913,1.81795,1.56194,0
13,-1.43322,-0.764862,-1.00377,-0.0646269,0
13,-1.34314,-1.43268,-0.760441,-0.193882,0
13,1.44244,1.44244,0.815852,0.503479,0
14,-0.117375,-0.1252,-0.133547,0.201554,0
14,-0.414166,-0.29679,-0.316576,-0.341104,0
14,-0.495048,1.02438,1.14958,1.42155,0
14,0.432305,-0.528052,-0.231261,-1.6857,0
14,-0.153891,0.178856,0.19078,0.00182287,0
14,0.0035266,-0.164151,0.175094,0.494879,1
14,-0.351951,0.644736,0.789009,1.37049,0
14,-0.375414,-0.375414,-0.532612,0.0894813,0
15,-0.0566759,-0.0604543,0.0644846,-1.41771,0
15,-0.374858,-0.318182,0.339394,-0.362021,0
15,-0.140351,-0.166438,-0.226892,0.282829,0
15,-0.00632818,0.149707,-0.168475,0.179706,1
15,-0.083534,-0.089103,-0.115452,-0.204081,0
15,0.317511,0.401045,-0.427781,-0.73463,0
15,0.0123686,-0.0131932,0.0950432,-0.0820004,0
15,-1.00249,-1.00249,-1.12141,-1.25034,0
16,0.640271,0.682956,0.728486,2.30914,0
16,0.564905,-0.0753655,0.579481,-0.618114,0
16,0.273778,1.25147,0.568515,2.52598,0
16,1.46528,0.29203,-0.251234,0.267983,1
16,0.138819,0.148073,0.393722,0.0651313,0
16,0.663979,0.52516,-0.560171,-0.630826,0
16,-0.494118,0.527059,0.157945,-0.175737,0
16,-1.75548,-1.75548,-1.23032,-1.48156,0
17,0.109274,0.116559,-0.254418,1.87358,0
17,-0.735646,-0.84492,0.901248,-1.26346,0
17,-0.182768,-0.194953,0.0435641,0.0777701,0
17,0.418008,0.600776,-0.244144,2.41411,1
17,-0.575757,0.614141,-1.09716,-0.88552,0
17,-0.139498,-0.715255,0.762939,-0.421559,0
17,0.0247885,-0.0264411,-0.655084,-0.582174,0
17,-0.474424,-0.474424,-1.0142,-0.800193,0
18,-0.335913,-0.358307,0.611648,1.99128,0
18,-0.68345,-0.347537,-0.370706,-0.612918,0
18,-0.0761388,0.267364,-0.306056,-0.34118,0
18,0.169439,-0.0812148,0.266322,-1.38442,0
18,-0.101381,-0.10814,0.418258,0.760564,0
18,0.0373734,0.138754,-0.148005,0.300375,1
18,-0.00619034,0.00660303,-0.115349,0.204507,0
18,-0.186856,-0.186856,-0.281901,-0.379122,0
19,-0.00134163,-0.00143107,0.496664,0.529775,0
19,-0.815949,-0.814607,-0.868914,-0.926842,0
19,-0.578871,1.04297,0.577344,-0.615834,0
19,0.360319,-0.617462,0.197145,-0.210288,1
19,0.591875,-1.27887,1.36413,1.36547,0
19,-1.83027,-0.631334,0.673423,1.54234,0
19,1.84749,-1.97065,-1.41577,-1.52194,0
19,-3.00453,-3.00453,-2.3732,-2.22022,0
20,0.103009,0.109877,-0.117202,0.125015,0
20,0.111425,0.00841503,-0.00897604,0.00957444,0
20,0.0809163,-0.0863107,0.023566,0.0251371,0
20,-0.315891,-0.234974,-0.226559,-0.684724,1
20,-0.216522,-0.852075,-1.99855,-1.88135,0
20,-0.567863,0.230957,-0.609883,-0.600907,0
20,0.305073,0.70589,0.90888,0.932446,0
20,0.325412,0.325412,-0.246354,-0.330102,0
21,0.378305,0.403525,-0.430427,0.489281,0
21,0.298046,-0.0802586,0.0856092,-0.55556,0
21,0.182905,-0.195099,0.208426,-0.222321,0
21,-1.01937,-0.836467,-0.916726,-1.50949,1
21,-0.82614,-0.881216,-1.79904,-1.34034,0
21,0.302636,1.12878,1.20403,0.68319,0
21,-0.0488665,-0.0521242,0.939964,0.731538,0
21,1.07407,1.07407,1.84858,1.75235,0
22,0.219924,0.234585,0.250225,1.56646,0
22,-0.0623168,-0.282241,-0.301057,-0.321127,0
22,0.161772,1.3806,1.14602,1.54951,0
22,1.46687,0.172557,0.454798,0.485118,1
22,0.653923,0.697518,0.744019,-0.614273,0
22,1.65651,1.00259,1.06942,1.37048,0
22,1.8092,1.92981,1.23229,0.860707,0
22,2.66567,2.66567,2.34776,1.89296,0
23,0.71913,0.767072,0.81821,-0.872757,0
23,1.53308,0.813946,1.90477,2.78236,0
23,0.914274,0.975225,0.208154,-0.865826,0
23,2.65393,1.73966,-0.0460652,-0.0491362,0
23,0.459767,0.490418,-1.40613,-0.587922,0
23,1.04075,0.580984,2.3638,1.60072,1
23,-0.969134,-1.03374,-0.523113,0.2886,0
23,1.05075,1.05075,0.619716,0.665781,0
24,-0.398651,-0.425228,-0.763021,-1.17446,0
24,-0.93537,-0.536719,0.5725,0.610667,0
24,-0.873884,-1.13564,-0.420308,-0.448329,0
24,-0.13252,0.932143,0.395424,0.421786,0
24,-0.0443448,-0.0473012,0.376556,0.775207,0
24,0.882165,0.92651,0.988277,1.51875,0
24,0.283656,0.302567,-0.0504546,0.163866,1
24,2.23397,2.23397,2.19997,2.5954,0
25,-0.157822,-0.168344,0.179566,0.223751,0
25,-0.175345,-0.0175233,0.0186916,0.991993,0
25,-0.522828,0.557683,0.389339,-1.09986,0
25,-0.171784,-0.694612,-0.712135,0.759611,0
25,-0.216514,-0.230948,-0.246345,-0.0365777,0
25,0.10874,0.325254,-0.346938,-0.180554,1
25,-0.0350449,0.0373813,0.268329,-0.184347,0
25,-0.308526,-0.308526,-0.509018,-1.0156,0
26,0.413774,0.441359,0.470782,2.14132,0
26,0.810062,0.396289,0.422708,-0.450888,0
26,0.0671028,0.849697,0.408338,-1.68154,0
26,0.868167,0.0715763,-0.324712,-0.34636,1
26,0.387438,-0.514706,0.556813,0.138945,0
26,-0.895804,-0.413267,-1.50291,-1.08818,0
26,-0.837372,-0.912243,-0.54902,-0.0723377,0
26,0.893197,0.893197,0.440818,0.76553,0
27,-0.121425,-0.12952,1.13529,1.21098,0
27,-0.268956,-0.14753,-0.157366,-0.167857,0
27,-0.663215,1.5894,0.52506,0.560064,0
27,0.782629,-0.70743,-0.559899,-0.597226,1
27,-0.0404661,1.40591,1.95979,2.08122,0
27,1.27488,-0.0431638,-0.0460414,0.111324,0
27,0.936187,1.4617,1.49964,1.12359,0
27,0.9986,0.9986,1.04176,1.60166,0
28,-0.533974,-0.569573,1.22366,1.40842,0
28,-1.25641,-0.722437,1.42292,1.8081,0
28,0.0887271,0.0946423,-1.05254,1.34082,0
28,0.563388,0.47466,-0.859326,-1.41921,0
28,-0.969671,1.03432,1.74023,2.2742,0
28,-0.270602,-1.24027,1.74956,2.42685,1
28,-0.125913,0.134307,1.10327,-0.153744,0
28,-0.413891,-0.413891,-1.32296,0.00754762,0
29,0.93793,1.00046,1.06716,-1.1383,0
29,1.99429,1.05636,1.34944,-1.48996,0
29,0.832168,1.60452,0.604058,0.644328,0
29,2.39188,0.887646,-0.377451,-0.402614,1
29,0.847261,-0.903745,-2.17448,-1.10733,0
29,-2.38048,-1.53321,-1.63543,-0.645092,0
29,2.16707,2.31155,0.963995,0.359937,0
29,2.57323,2.57323,1.77892,2.15637,0
30,0.175098,0.186772,-0.511894,-2.0718,0
30,0.412894,0.237796,-0.253649,0.402059,0
30,0.0763922,-0.575943,-0.0960426,-0.102445,0
30,-0.621432,-0.081485,0.156311,-0.166731,0
30,0.159141,0.59704,0.636843,0.461744,0
30,0.729476,0.169751,-0.181068,0.195398,1
30,-1.30208,1.89658,1.81231,1.71626,0
30,-1.38889,-1.38889,-1.21913,-1.37544,0
31,-0.015641,-0.0166837,0.514039,0.548309,0
31,0.136053,0.151694,0.161807,0.172594,0
31,0.0648833,0.399233,-0.0826793,0.0881912,0
31,0.443489,0.0692088,-0.0824853,-0.999205,1
31,0.0349519,-2.21311,2.36065,2.37629,0
31,-2.11207,-0.037282,0.0397675,-0.12204,0
31,0.379797,-2.41253,-2.37977,-2.46244,0
31,-0.405117,-0.405117,-0.367835,0.125266,0
32,0.0115452,0.0123149,0.715222,2.93608,0
32,0.290536,0.278991,0.305538,0.325907,0
32,-0.296545,0.927481,0.25696,-1.75878,0
32,0.553198,-0.316315,-0.602757,1.28195,0
32,-0.537293,-0.751981,0.93135,0.890898,0
32,-0.131869,0.573113,0.766413,0.460875,1
32,-0.440319,-0.930107,-0.802113,-0.402085,0
32,0.469674,0.469674,0.61132,-0.501294,0
33,-0.160626,-0.171334,-0.783365,-1.52743,0
33,-0.272042,-0.111417,0.118845,2.46843,0
33,0.0910925,-0.460556,0.273849,-0.671706,0
33,-0.528936,-0.0971653,-0.208582,1.08983,0
33,0.0508714,0.0542628,0.553106,0.781326,0
33,0.355541,0.304669,-0.324981,0.17446,0
33,-0.316518,0.337619,0.0578803,-0.571844,1
33,-0.455225,-0.455225,-0.407533,-0.174796,0
34,0.371697,0.396477,0.517955,-1.14409,0
34,-0.3833,-0.754997,-0.80533,0.901105,0
34,0.346857,0.369981,-0.115603,0.253618,0
34,0.921269,0.574412,1.32941,-1.74023,0
34,-0.297133,-0.368456,-1.20274,-0.831048,0
34,-0.0284859,0.316942,-0.338071,-1.18286,0
34,-0.107304,0.114458,0.39302,0.155253,0
34,-1.0354,-1.0354,-1.35235,-1.73498,1
35,0.802307,0.855794,-0.912847,1.3745,0
35,1.72763,0.925323,-0.987011,-1.5081,0
35,1.13895,-1.2907,-0.434909,0.624636,0
35,-2.42491,-1.21488,-0.289553,-0.308857,0
35,0.408386,0.624972,-1.87944,-0.590841,0
35,1.02152,0.435612,1.9352,0.6172,0
35,-0.950573,-1.0495,-0.666637,-0.0810407,1
35,1.01394,1.01394,0.464652,0.175099,0
36,-0.296417,-0.316179,0.730889,-0.779615,0
36,-0.159252,0.137165,-0.14631,-1.54552,0
36,-0.129767,0.803258,0.11805,2.00875,0
36,0.614636,-0.138418,-0.00125283,-0.00133635,0
36,-0.506565,-0.540336,0.576358,-0.152344,0
36,0.260655,0.76722,0.818368,0.630968,1
36,-0.152311,-0.162465,-0.702801,-0.414416,0
36,0.623143,0.623143,1.09805,1.09679,0
37,-0.364018,-0.388286,-0.414172,0.810637,0
37,-0.598988,-0.23497,-0.250634,-0.267343,0
37,0.0185197,0.0197543,0.40804,-1.83862,0
37,0.1214,0.102881,0.337851,-0.571782,0
37,-0.195947,0.20901,-0.33352,-0.758477,0
37,-0.0171057,-0.213053,0.435506,0.634984,0
37,-0.056237,0.0897303,-0.222944,-0.62556,0
37,-0.0599861,-0.0599861,-0.227257,-0.527644,1
38,-0.124918,-0.133246,-0.4158,-1.23281,0
38,-0.14295,-0.018032,0.0192341,-0.72047,0
38,0.140916,-0.223654,0.166159,1.34816,0
38,-0.359986,-0.15031,-0.168342,0.179565,0
38,-0.150103,-0.160109,-0.170783,0.0871245,0
38,0.0652633,0.215366,-0.229724,-0.315281,1
38,-0.0968831,0.103342,0.263451,0.512612,0
38,-0.359007,-0.359007,-0.574373,-0.742715,0
39,1.43392,1.52952,-1.63149,1.74025,0
39,2.0945,0.660575,-0.704614,0.751588,0
39,1.44451,-1.54081,-0.0112939,-0.0120469,0
39,-3.27958,-1.83507,-1.1745,-1.2528,0
39,1.03122,-1.09997,-3.35745,-1.83547,0
39,-2.47283,-1.44161,-2.08322,-1.3786,1
39,2.28782,2.44034,1.1733,1.16201,0
39,2.50449,2.50449,1.53772,0.363221,0
40,-0.118837,-0.126759,0.13521,-2.68896,0
40,-0.366132,-0.247295,0.263782,-0.281367,0
40,-0.157279,0.167765,0.0410055,0.409054,0
40,-0.719756,-0.877035,-1.12433,-1.83304,0
40,-0.0110965,0.0118363,0.554227,-0.132387,0
40,-0.389827,-0.400923,-0.427652,-0.691433,0
40,-0.318514,-0.339749,0.0126254,0.396113,0
40,0.819997,0.819997,0.8304,1.20969,1
41,0.530137,0.565479,1.47769,-1.5762,0
41,0.570654,0.0405175,0.0432187,-1.11559,0
41,0.478149,1.51037,0.125029,0.133364,0
41,1.92599,0.510026,0.469508,0.647343,0
41,0.388322,-1.35782,-2.44782,-1.91769,0
41,-1.68716,-0.41421,-0.441824,0.60404,0
41,1.03846,1.81239,1.44834,1.32331,0
41,1.10769,1.10769,0.693483,0.086599,1
42,-0.737204,-0.786351,-0.954789,1.01844,0
42,-1.46221,-0.725008,0.82956,0.884864,0
42,-0.214322,-0.231849,0.663266,1.00105,0
42,0.0112514,0.22861,-0.549103,2.54284,1
42,-0.184134,-0.208156,-0.530404,-1.26116,0
42,0.0012635,0.196409,0.527161,1.24324,0
42,-0.0308,0.0328533,0.222033,0.896663,0
42,-0.0668279,-0.0668279,0.209503,-0.309378,0
43,-0.321427,-0.342856,-0.365713,0.390094,0
43,-0.276831,0.0445967,0.180031,-0.192033,0
43,0.081372,0.138189,0.481044,0.596371,0
43,0.216349,0.0867968,-0.0819821,-0.0874475,1
43,0.0211218,-0.232661,-0.535303,-0.901016,0
43,-0.240649,-0.0225299,-1.41634,-1.37453,0
43,0.214236,0.267973,0.248171,0.493312,0
43,0.228519,0.228519,0.0240319,0.106014,0
44,0.0875371,0.0933729,0.0995978,0.106238,0
44,0.392401,0.304863,0.325188,0.482191,0
44,-0.324414,-0.346041,-0.439414,1.27784,0
44,1.07119,1.3956,1.09074,1.58113,0
44,0.0835527,0.0891229,0.0950645,-0.00453336,0
44,0.759106,0.675553,0.72059,0.268536,1
44,0.683688,0.729267,0.640144,-0.557831,0
44,1.14513,1.14513,1.06679,1.08512,0
45,-0.306988,-0.327454,0.349284,-1.08256,0
45,-0.221088,0.0859004,-0.091627,0.0977355,0
45,0.0560439,-0.0597802,-0.387234,-1.49948,0
45,-0.248409,-0.192366,-0.106465,-1.74562,1
45,-1.35107,1.694,1.80693,0.792038,0
45,0.146988,-1.44114,-1.53721,-1.44559,0
45,0.662925,0.823824,1.98843,1.57766,0
45,0.70712,0.70712,1.86344,1.26988,0
46,0.121241,0.129324,-0.137945,-0.147142,0
46,0.565747,0.444506,-0.47414,-0.53788,0
46,0.960564,-1.0246,-0.895278,-0.954963,0
46,-2.20072,-1.24015,-0.795647,-0.848691,1
46,0.120656,0.128699,0.137279,-0.000666191,0
46,0.961496,0.84084,0.896897,0.392634,0
46,2.06916,2.20711,2.07841,1.18313,0
46,2.58772,2.58772,2.4746,1.67895,0
47,0.959884,1.02388,1.35219,1.75269,0
47,1.71644,0.756559,0.806996,-0.860796,0
47,0.661111,0.705185,-0.56249,-0.59999,0
47,2.42604,1.76493,1.00837,2.48046,0
47,-1.95104,2.27056,2.73992,1.78003,0
47,0.0475384,-2.08111,-2.21985,-1.41285,1
47,1.95396,2.08422,2.42193,2.98442,0
47,2.40466,2.40466,2.75136,1.4223,0
48,-0.188202,-0.200748,0.214132,-0.725271,0
48,-0.322463,-0.134262,-0.378451,0.403681,0
48,-0.123081,0.131286,-0.0694622,-0.074093,0
48,-0.211585,-0.334666,0.0201316,-0.257313,1
48,-0.695981,0.74238,0.791872,0.445945,0
48,-0.082639,-0.77862,-1.04552,-1.16166,0
48,0.183526,1.7864,2.46075,2.39129,0
48,0.195761,0.195761,0.830528,0.613294,0
49,-0.95141,-1.01484,1.08249,2.51212,0
49,-1.58781,-0.636399,-1.21231,2.33576,0
49,-0.854043,0.910979,-0.103859,0.110783,0
49,-0.43508,-1.28912,-0.152582,-0.162754,1
49,-1.71172,1.82583,-1.94756,-0.687074,0
49,-0.383765,-2.09548,-2.25538,-2.85201,0
49,-0.573495,-0.611728,-2.43756,-2.3337,0
49,0.676308,0.676308,2.23518,2.0826,0
50,0.861928,0.91939,-1.01947,-3.80106,0
50,0.475934,-0.385995,0.411727,0.672209,0
50,0.70192,-0.748715,0.207036,-0.220838,0
50,-1.96882,-1.2669,-1.65289,-3.07374,1
50,-0.114431,0.12206,2.07142,1.20949,0
50,-0.165224,-0.279656,-0.298299,0.331897,0
50,-0.108369,-0.115594,0.130197,-0.0768382,0
50,2.05927,2.05927,2.16655,1.87037,0
51,0.0222647,0.023749,1.31958,2.26064,0
51,-1.06652,-1.08879,-1.16137,-1.2388,0
51,-1.22028,2.48272,1.24561,-1.32866,0
51,1.02591,-1.30163,-0.212849,0.227039,1
51,0.254,-0.270933,0.75709,0.734825,0
51,-1.01941,-0.765409,0.816437,1.97781,0
51,0.901611,-0.961718,-0.288995,-0.708258,0
51,-1.41416,-1.41416,-0.817578,-1.03043,0
52,-0.474744,-0.506394,-0.684751,-0.898404,0
52,-0.62645,-0.151706,0.364384,1.44966,0
52,-0.453224,-0.483439,0.158515,0.275859,0
52,0.305114,0.758338,0.416728,-1.30177,1
52,-0.335486,0.357851,0.967997,1.29536,0
52,-0.0736277,-0.409113,0.460459,0.762023,0
52,0.0591006,-0.183249,0.381708,0.593869,0
52,-0.0630407,-0.0630407,-0.436387,-0.817856,0
53,-0.271064,-0.289135,-0.308411,-0.893618,0
53,-0.133426,0.137638,0.481656,0.513767,0
53,-0.291334,-0.310757,-0.0216217,-0.467144,0
53,0.327711,0.619045,0.167492,0.178659,1
53,-0.165798,-0.176852,0.188642,0.933456,0
53,1.48034,1.64614,1.9761,1.84707,0
53,-0.509727,-0.543709,-0.72056,-0.447542,0
53,1.34226,1.34226,1.75588,1.58839,0
54,0.00997256,0.0106374,0.0113466,0.012103,0
54,-0.173436,-0.183409,0.450621,0.708977,0
54,-0.194466,-0.20743,-0.218068,-1.35117,0
54,0.158455,0.352921,-0.0695364,-0.0741722,0
54,-0.415297,-0.442984,1.67536,1.66401,0
54,0.154851,0.570149,0.608159,0.780105,1
54,-0.100888,-0.107614,-0.472516,-0.132297,0
54,1.4753,1.4753,1.77474,1.84428,0
55,-0.435771,-0.464822,-0.616473,-0.657571,0
55,-0.836126,-0.400355,0.437444,0.644861,0
55,-0.214092,-0.261661,0.316282,0.337368,0
55,-0.0169417,0.228365,-0.181739,-0.193855,1
55,-0.306507,0.614453,0.655416,1.09119,0
55,0.249109,-0.326941,-0.348737,0.0265963,0
55,0.133504,1.63274,1.92009,2.23637,0
55,0.142404,0.142404,0.469345,0.589277,0
56,-0.0195116,-0.0208123,0.0221998,0.0236798,0
56,-0.124076,-0.104565,0.111536,-3.03646,0
56,-0.226123,0.285683,0.264871,0.437956,0
56,0.0266299,-0.241198,-0.345763,-0.439953,0
56,-0.0906974,-0.0967439,0.910084,0.932284,0
56,0.0359793,0.126677,0.135122,-0.0507104,1
56,-0.012801,-0.0136544,-0.103193,0.19299,0
56,0.196166,0.196166,0.264427,0.437075,0
57,0.30964,0.330282,0.705417,0.752445,0
57,0.732066,0.422426,0.61131,-1.24947,0
57,0.41744,0.445269,-0.21606,0.230464,0
57,1.02369,0.606251,0.0331482,0.0353581,1
57,0.328477,-0.767266,1.20721,0.897571,0
57,-1.06969,-0.350375,-0.373733,0.0222912,0
57,-1.05597,-1.12636,-0.818417,-1.03448,0
57,1.88582,1.88582,1.53545,1.5023,0
58,-0.0551489,-0.0588255,-0.0627472,-0.715498,0
58,-0.430353,-0.375204,0.821288,0.87604,0
58,-0.575105,-0.613445,-0.55462,-0.591595,0
58,0.342845,0.91795,0.147993,-2.50376,1
58,-0.239256,0.255207,0.27222,0.521849,0
58,-0.278339,-0.517596,1.60801,1.98033,0
58,-0.342888,0.54051,0.795717,1.35034,0
58,-0.365747,-0.365747,-0.552102,-0.344214,0
59,-0.166239,-0.177322,-0.189144,-0.201753,0
59,-0.58957,-0.42333,0.895606,3.87026,0
59,-0.589588,-0.628894,-0.451572,1.222,0
59,0.388078,0.977666,0.138036,1.83744,0
59,-0.0232537,-0.0248039,-0.0264575,0.162686,0
59,0.354983,0.378237,0.580241,0.977113,0
59,0.198151,0.211361,0.236165,-0.456873,1
59,0.381653,0.381653,0.403453,0.169038,0
60,0.143586,0.153158,0.163369,0.17426,0
60,0.861624,0.718038,0.765907,-1.27882,0
60,0.933632,0.995874,0.842716,0.898897,0
60,2.81214,1.87851,1.16047,-1.71883,1
60,0.644328,0.687283,0.733102,0.569734,0
60,1.9679,1.32357,-1.41181,-0.21291,0
60,-2.61213,3.87811,3.19083,2.34811,0
60,-2.78627,-2.78627,-2.18221,-0.633774,0
61,-0.468829,-0.500084,-0.533423,0.78638,0
61,-1.14442,-0.675592,0.967053,1.06927,0
61,-0.579919,-0.618581,-0.118497,-0.885371,0
61,0.251103,0.831023,-0.0755891,-1.1523,1
61,0.0273146,-0.0985803,-0.183352,-0.693845,0
61,-0.121555,-0.0291356,0.448504,1.17359,0
61,0.018477,-0.0197088,0.105152,0.251258,0
61,-0.195699,-0.195699,-0.031078,0.245249,0
62,-1.00858,-1.07582,1.14754,-1.35494,0
62,-1.18145,-0.172868,-0.321709,-0.343156,0
62,0.0117523,-0.0125358,-1.08835,-1.16091,0
62,-0.146298,-0.134545,0.167057,1.62172,1
62,-0.0526835,0.0561957,0.0599421,-0.98935,0
62,-0.133281,-0.185965,1.04388,1.22529,0
62,-0.0827866,0.409731,0.465927,1.40468,0
62,-0.0883057,-0.0883057,-0.198363,0.0681368,0
63,-0.242404,-0.258564,-0.275802,0.294189,0
63,-0.231501,0.0109037,0.727208,2.13,0
63,0.231818,0.247273,0.505837,2.79337,0
63,0.693389,0.46157,-0.220188,0.234867,1
63,0.277549,-0.414966,-0.604039,-0.879841,0
63,-0.685083,-0.296052,0.489859,0.479637,0
63,-0.637974,0.702833,0.442631,0.279358,0
63,-0.680505,-0.680505,-0.315789,-0.535976,0
64,-0.402794,-0.429647,0.45829,-0.488843,0
64,-0.358824,0.0439703,-0.0469016,0.0500284,0
64,-0.470666,0.502043,0.0723963,0.0772227,0
64,-0.176303,-0.646969,-0.602998,-0.643198,0
64,0.392657,-0.418834,-0.446757,-0.905047,0
64,-1.05206,-0.659399,-3.00066,-2.95376,1
64,1.00451,1.46714,1.0483,1.1207,0
64,1.07148,1.07148,0.703359,1.10339,0
65,-0.305504,-0.325871,0.347595,-0.757298,0
65,-0.716106,-0.410602,0.437976,0.529378,0
65,0.270095,-0.288102,-0.613973,1.34096,0
65,-0.664322,-0.394227,-0.804829,2.44665,1
65,-0.844806,-1.0605,1.1312,0.421237,0
65,-0.0930962,0.901126,-0.961201,-0.464909,0
65,0.652396,-0.695889,-1.48789,-1.44691,0
65,-0.726759,-0.726759,-1.62789,-1.75961,0
66,-0.141175,-0.150586,1.31896,1.67147,0
66,0.332685,0.47386,0.553473,0.590371,0
66,0.121347,0.954553,-0.281973,-0.350379,0
66,1.02433,0.129437,-0.389444,0.415406,0
66,-0.0158763,0.0169347,1.28265,1.42383,0
66,-0.0362031,-0.0520794,2.58298,2.13873,0
66,0.0259774,-0.0277092,0.0180637,0.346544,0
66,-0.0406674,-0.0406674,-0.0555514,-0.444995,0
67,0.0515706,0.0550086,-0.0586759,0.0625876,0
67,-0.00605033,-0.0576209,0.0614623,0.0655598,0
67,-0.280561,0.299265,0.354274,-1.70624,0
67,-0.30045,-0.581011,-0.638632,1.34309,0
67,-0.25938,0.276671,0.295116,0.353792,0
67,-0.294809,-0.554189,0.591135,0.652597,0
67,-0.172812,0.184333,0.461004,-0.10122,1
67,-0.364162,-0.364162,-0.60733,-0.924376,0
68,0.571601,0.609708,-0.650355,1.90505,0
68,1.08036,0.508756,-0.542673,2.08336,0
68,0.563598,-1.29413,-0.68442,-0.730048,0
68,-1.81442,-0.601171,-0.092415,-0.098576,0
68,0.716027,-0.97596,-1.04102,-0.0224366,0
68,-1.67872,-0.763762,-0.814679,0.348643,0
68,1.73227,3.01101,2.33974,1.65532,0
68,1.84775,1.84775,1.08399,0.991575,0
69,0.173686,0.185265,0.197616,0.984645,0
69,0.702224,0.528538,0.61952,1.18071,0
69,0.143432,0.152995,-0.0322705,-0.0344218,0
69,1.14457,1.00114,0.420342,-0.585938,0
69,-1.27222,1.35703,1.60531,0.808753,0
69,-0.258578,-1.53079,1.79149,1.29599,1
69,-0.79644,0.849536,1.4475,1.47977,0
69,-0.997681,-0.997681,-1.63285,-1.08353,0
70,-0.890307,-0.94966,-1.26021,-1.34422,0
70,-1.16152,-0.271217,-0.524285,-1.56936,0
70,-0.163397,0.17429,1.35574,1.44612,0
70,-0.202219,-0.365615,0.125901,0.134295,1
70,-0.176914,-0.188708,1.11118,2.00149,0
70,0.264487,0.441401,0.470828,0.725094,0
70,0.174995,0.186661,-0.201289,1.15445,0
70,0.445107,0.445107,0.610964,0.736866,0
71,-0.407115,-0.434256,-0.463206,0.494086,0
71,-0.22546,0.181655,0.193765,-0.866809,0
71,0.176302,0.472199,0.906455,1.34645,0
71,0.630742,0.188055,0.00640018,0.00682685,1
71,0.0489905,-0.0522565,-0.0557403,-0.518946,0
71,-0.482006,-0.433016,-0.55546,-0.160754,0
71,0.476074,0.725054,0.672797,0.914629,0
71,0.507812,0.507812,0.461883,0.455483,0
72,0.0668932,0.0713527,0.253122,-0.855938,0
72,0.148423,0.0815295,0.323818,1.63944,0
72,-0.391484,-0.417583,-0.654885,0.698544,0
72,0.370522,0.762007,0.458427,-0.822025,0
72,-0.387492,0.413325,-0.459784,-0.392891,0
72,-0.106117,-0.493609,0.526516,0.442044,1
72,0.298111,-0.317985,-0.44088,-1.09576,0
72,-0.433388,-0.433388,-0.530025,-0.585627,0
73,0.0310158,0.0330836,0.0352891,0.620933,0
73,-0.0715912,-0.102607,-0.109448,0.116744,0
73,0.156108,0.166515,0.133432,-0.868843,0
73,0.952195,0.796087,0.898694,0.958607,0
73,-0.537829,-1.05373,1.12398,0.541857,0
73,-0.41419,0.573684,0.61193,0.502483,0
73,-0.818465,-0.873029,-1.37724,-0.646542,1
73,1.24234,1.24234,1.81602,1.76587,0
74,0.140799,0.150185,-0.409918,-0.437246,0
74,-0.203696,-0.344495,0.367461,-1.37997,0
74,-0.407601,-0.952097,-0.567799,0.99544,0
74,-0.457816,0.434774,0.0902795,-0.39345,1
74,-0.369216,-0.668874,2.33949,2.19869,0
74,-0.233239,0.39383,0.56943,-0.135726,0
74,-0.11394,-0.583805,-0.713465,-0.735312,0
74,0.121536,0.121536,0.420086,0.0512261,0
75,0.0269162,0.0287107,0.0306247,0.63983,0
75,-0.800495,-0.827411,-0.882572,-2.37058,0
75,-0.357417,0.567284,0.538573,0.574478,0
75,0.150584,-0.381245,0.446166,0.47591,1
75,-0.0439081,-0.0468353,-0.0499577,-0.0974533,0
75,0.0213028,0.0652109,0.0695583,0.969077,0
75,0.526307,1.21453,1.26136,1.64324,0
75,0.561394,0.561394,0.589061,0.950669,0
76,-0.416386,-0.444145,0.481421,0.513516,0
76,-0.441654,-0.0252678,0.0269523,1.31885,0
76,-0.142612,0.811749,0.360416,-1.77709,0
76,0.608894,-0.15212,-0.177388,0.62077,0
76,-0.183597,-0.195836,-0.208892,0.272529,0
76,0.354726,0.538323,-0.583906,-0.143373,1
76,-0.302655,0.322832,0.518668,-0.188608,0
76,-0.402089,-0.402089,-0.574211,-0.361335,0
77,-0.124623,-0.132932,-0.141794,2.0185,0
77,-0.268847,-0.144223,-0.153838,1.65305,0
77,-0.0659058,-0.600204,-0.467272,0.498424,0
77,-0.492392,0.0702995,0.214523,-1.59177,0
77,-0.7448,0.794453,1.56598,0.643207,0
77,-0.755111,-1.49991,1.59991,0.534156,1
77,0.441435,-0.470865,0.847417,0.380145,0
77,-0.98174,-0.98174,-1.67999,-0.927074,0
78,-1.07387,-1.14546,-1.22183,-1.30328,0
78,-1.93441,-0.860541,1.51356,-1.84918,0
78,-0.73503,-0.784032,0.361431,-0.729188,0
78,0.501055,1.23608,-0.182881,-0.195073,1
78,-0.00774142,0.00825752,-0.00880802,1.21302,0
78,-0.756291,-0.764032,-0.814968,-1.62172,0
78,-0.373179,-0.398058,-0.406315,-0.393784,0
78,2.13793,2.13793,2.14519,2.32807,0
79,0.402357,0.429181,0.457793,-2.05838,0
79,0.521408,0.119051,0.126987,-0.135453,0
79,0.144339,0.153962,-0.275219,-0.293567,0
79,1.21518,1.07084,0.951793,1.46317,0
79,-0.183605,0.195845,-1.32461,-0.684157,0
79,-0.77634,-0.959944,-1.02394,-0.896953,0
79,0.595125,0.6348,-0.208901,0.0663177,1
79,1.26217,1.26217,1.4343,1.18737,0
80,-0.319941,-0.34127,-0.457766,0.488283,0
80,-0.472325,-0.152384,-0.177777,-0.189629,0
80,-0.291044,-0.356178,0.0729773,-1.19082,0
80,-0.0234698,0.310447,0.477113,0.508921,1
80,-0.228675,-0.24392,-0.553991,-0.892069,0
80,0.017121,0.245796,0.262183,0.405043,0
80,0.0484095,0.0516368,0.260181,0.130702,0
80,0.212701,0.212701,0.427084,0.878243,0
81,-0.345852,-0.368909,-0.393503,0.419737,0
81,0.456342,0.802194,1.05437,1.12466,0
81,-0.220206,-0.234886,0.134023,0.142958,0
81,1.84415,2.06435,1.07588,-1.14761,1
81,0.841996,-0.898129,-0.958004,-1.35151,0
81,-2.04866,-1.20667,2.09754,1.34548,0
81,-1.9467,3.18537,2.28724,2.15321,0
81,-2.07648,-2.07648,-1.28711,-0.566864,0
82,-0.178542,-0.190445,-0.203141,-0.242395,0
82,-0.420775,-0.242233,-0.258382,-0.524693,0
82,-0.832961,1.28327,1.47371,2.09741,0
82,0.314571,-0.888492,-0.646259,-1.0128,0
82,-0.500293,-0.533646,-0.569222,-0.341977,0
82,0.135339,0.635631,-0.680496,-0.193417,1
82,-0.195921,0.6099,1.14355,2.1056,0
82,-0.208982,-0.208982,-0.678007,0.220319,0
83,-0.572185,-0.61033,-0.651019,0.820356,0
83,0.00244545,0.57463,0.612939,0.653802,0
83,-0.73387,-0.782795,-0.172465,0.183962,0
83,1.20784,1.94171,1.36708,-1.58173,0
83,-0.22422,0.239168,-0.255112,-1.0242,0
83,-1.14439,-1.36861,1.45985,0.903314,1
83,0.105556,-0.112593,-0.351761,-0.524226,0
83,-1.30893,-1.30893,-1.51914,-1.66843,0
84,-0.029835,-0.031824,-0.529452,2.41063,0
84,-0.583758,-0.553923,0.590851,0.630241,0
84,-0.643811,-0.686732,-0.19037,-1.27748,0
84,0.282144,0.925955,0.372032,0.988667,1
84,-0.703256,-1.27835,-1.44038,-1.22405,0
84,-0.448311,0.750139,-0.800149,-0.209298,0
84,-0.485737,0.704268,1.36357,0.862364,0
84,-0.51812,-0.51812,-1.26826,-0.353305,0
85,-0.000805819,-0.00085954,-0.000916843,0.000977966,0
85,-0.530724,-0.529918,1.15274,-1.22959,0
85,-0.346382,-0.369474,-0.368615,-0.588014,0
85,0.543054,0.889436,-0.191262,-1.40824,1
85,-0.648759,-0.692009,-1.70841,-1.70933,0
85,0.351313,1.00007,-1.49989,-1.99669,0
85,0.148195,-0.158074,0.738143,1.28941,0
85,-0.458531,-0.458531,-1.06674,-0.404198,0
86,-0.647429,-0.690591,0.73663,1.12108,0
86,-0.83084,-0.183412,-1.5962,3.09553,0
86,-0.962589,1.02676,0.336171,0.358582,0
86,-1.30079,-2.26338,-0.76695,-0.929899,1
86,-0.0274863,0.0293188,-0.29459,0.75642,0
86,-1.23282,-1.26031,-1.55643,-1.72838,0
86,0.229599,0.244905,-0.0312733,0.304898,0
86,1.31856,1.31856,1.34433,0.843848,0
87,0.352854,0.376378,-0.401469,-1.10488,0
87,0.852538,0.499684,-0.532997,0.56853,0
87,0.678556,-0.92567,-0.549293,0.698751,0
87,-1.59161,-0.723793,-0.224109,-0.23905,0
87,0.198484,-0.211716,1.25234,0.216518,0
87,-1.35351,-1.15503,-1.23203,-0.699033,1
87,-1.16343,-1.24099,-0.22583,0.429249,0
87,1.994,1.994,1.80792,1.58381,0
88,-0.336632,-0.359074,-0.383012,-1.11107,0
88,-0.859649,-0.523017,0.674669,0.719647,0
88,-0.494598,0.648681,1.00775,1.07494,0
88,0.0805677,-0.527571,-1.16007,1.25243,1
88,-0.0552355,0.0589179,0.0628457,0.510603,0
88,-0.0608826,-0.116118,1.07211,1.56592,0
88,-0.0748963,0.362866,0.421783,1.23153,0
88,-0.0798894,-0.0798894,-0.123859,-1.28138,0
89,-0.25553,-0.272565,-0.290736,0.310119,0
89,0.00979025,0.26532,0.283008,-0.301875,0
89,0.384945,0.410608,0.683173,-0.728718,0
89,1.86015,1.47521,1.20989,-2.16231,1
89,0.129955,0.894414,-0.954042,-1.24478,0
89,0.977132,0.138619,-0.14786,0.135148,0
89,1.78141,-2.6884,-2.56657,-1.8834,0
89,-1.90017,-1.90017,-1.76155,-1.15193,0
90,-0.0342144,-0.0364954,0.0389284,0.658713,0
90,-0.268124,-0.23391,0.249504,0.717396,0
90,0.811393,-0.865486,-0.901981,1.31437,0
90,-2.01802,-1.20662,-1.44053,1.53657,1
90,-0.186707,0.704116,-0.751057,-0.133514,0
90,0.460955,-0.199154,0.212431,0.884989,0
90,1.86413,-1.98841,-2.16345,-1.13715,0
90,-3.08655,-3.08655,-3.2857,-2.74431,0
91,-0.353204,-0.376751,-1.32872,-1.78473,0
91,-0.582333,-0.22913,0.244405,-0.260699,0
91,-0.235961,-1.07977,0.165907,-0.176967,0
91,-0.76059,0.251691,0.0225617,0.0240658,1
91,-0.0799066,-0.923841,1.13901,1.49221,0
91,-0.780867,0.0852337,-1.18404,-1.42844,0
91,-0.675987,-0.910517,-0.98543,-1.15134,0
91,0.721053,0.721053,-0.090916,-0.0683543,0
92,-0.261831,-0.279287,-0.297906,0.985258,0
92,-0.406791,-0.14496,0.196325,-0.209413,0
92,-0.190082,0.263687,0.542974,-0.579172,0
92,0.0444523,-0.202754,-0.386808,-0.516497,1
92,-0.161522,0.17229,-0.183776,-0.48937,0
92,-0.018607,-0.180129,-0.262338,-0.403107,0
92,-0.0209735,-1.82906,-2.00067,-2.46059,0
92,0.0223717,0.0223717,0.192138,0.582361,0
93,0.423411,0.451638,0.481747,-0.513864,0
93,1.12609,0.702676,0.771661,-0.823105,0
93,0.677956,0.799787,0.348149,0.371359,0
93,1.47295,0.723153,-0.000279637,-0.00029828,1
93,0.491461,-0.524225,-0.559174,-0.0774261,0
93,-1.02857,-0.537104,-1.4339,-0.775138,0
93,0.969053,2.46927,1.99721,1.64906,0
93,1.03366,1.03366,0.572911,0.573191,0
94,-0.167168,-0.178313,-0.1902,0.20288,0
94,-0.302063,-0.134895,0.767096,-0.818236,0
94,-0.162861,-0.173718,0.00459494,-0.00490127,0
94,0.575265,0.738125,0.0189725,-1.38674,1
94,0.125839,0.453501,-1.60776,-1.79796,0
94,0.559385,0.134228,-1.00099,-1.12745,0
94,0.507901,-0.601708,-0.483734,-0.479139,0
94,-0.541761,-0.541761,-0.143177,0.378347,0
95,-0.409651,-0.436961,-0.466091,-0.497164,0
95,-0.718253,-0.308602,-0.329176,0.351121,0
95,-0.358756,-0.382673,0.0542875,-0.0579066,0
95,0.148403,0.507159,0.815761,0.870145,0
95,0.1189,-0.158555,0.169126,0.634725,0
95,-0.275472,-0.126826,-0.135281,-0.464457,0
95,-0.414061,-0.441665,-0.330196,-0.294102,1
95,2.8254,2.8254,2.69857,3.32422,0
96,0.464444,0.495407,-0.56302,-2.49114,0
96,0.592303,0.127859,-0.958629,-1.02254,0
96,0.347212,-0.709054,-0.181222,-0.349588,0
96,-1.0351,-0.37036,0.528355,0.563579,1
96,-0.188438,0.654096,1.24166,0.777215,0
96,0.412215,-0.201,2.7369,2.61704,0
96,0.337958,0.521042,0.697703,0.369964,0
96,0.360489,0.360489,-0.2144,0.313955,0
97,-0.259127,-0.276402,-0.491832,-0.524893,0
97,-0.679821,-0.420694,-0.916158,1.8138,0
97,0.267444,-0.415859,0.0452333,1.86437,0
97,-0.675142,-0.285274,0.573625,0.961453,1
97,-0.286723,-0.305837,0.441691,0.829036,0
97,0.0596339,0.346357,-0.563587,-1.24604,0
97,0.0204484,-0.0218117,-0.326227,-0.256166,0
97,-0.100645,-0.100645,-0.369447,0.343064,0
98,0.887306,0.946459,-1.24087,-1.56642,0
98,0.867194,-0.0201117,0.0214525,-0.0228827,0
98,0.865349,-1.30752,-0.144207,0.258857,0
98,-2.14884,-0.923039,-0.943151,-1.00603,1
98,-0.135133,-0.490487,2.33759,1.45028,0
98,-0.31569,0.144142,0.153752,0.132299,0
98,-0.371718,-0.396499,-0.523187,-0.280508,0
98,3.31169,3.31169,3.45584,2.51269,0
99,0.0548064,0.0584601,-0.193189,-2.23795,0
99,0.0689315,0.0141251,0.0150668,-0.0160712,0
99,-0.451497,-0.481597,-0.300483,-0.417698,0
99,0.0914174,0.542915,0.52879,1.54185,0
99,-0.127487,0.237887,0.257937,0.235277,0
99,0.087033,-0.135986,-0.327264,-0.34233,0
99,0.10508,0.112086,0.253746,0.290736,1
99,0.170724,0.170724,0.145052,0.53837,0
